modelis,tau,fpr,ataku_aptikta,macro_f1,tikslumas
XGBoost (suderintas),0.5,0.27573333333333333,0.97889025512266,0.7170069203256955,0.8321557829130152
XGBoost (suderintas),0.55,0.24553333333333333,0.9758663880696263,0.717155924318108,0.8312846429287891
XGBoost (suderintas),0.6,0.21966666666666668,0.9724154535370646,0.7164932329500271,0.8298968647204795
XGBoost (suderintas),0.65,0.19126666666666667,0.9684629296829096,0.715550496077974,0.8282672558540882
XGBoost (suderintas),0.7,0.1644,0.9638053145538291,0.7141026473739331,0.8260660472504129
XGBoost (suderintas),0.75,0.13573333333333334,0.9578865605590284,0.7119070886174311,0.8230733928566522
XGBoost (suderintas),0.8,0.10846666666666667,0.9507238650466765,0.7082627526864991,0.8189979966528439
XGBoost (suderintas),0.85,0.0822,0.9415519460232565,0.7026695627730124,0.8133864261550849
XGBoost (suderintas),0.9,0.055933333333333335,0.9292386447343153,0.6955738612616399,0.8056066239615709
XGBoost (suderintas),0.93690427,0.0358,0.9162403157433123,0.6871122759026522,0.7971810239879524
XGBoost (suderintas),0.96018928,0.0242,0.9040445296668587,0.6765875124220273,0.7887856528465942
XGBoost (suderintas),0.97488114,0.015,0.8934108360490812,0.6668519988492357,0.7816873734167649
XGBoost (suderintas),0.98415107,0.0094,0.884402291833266,0.6577522441367206,0.7753173340368407
XGBoost (suderintas),0.99,0.005933333333333333,0.8767437394487103,0.6490875456176057,0.7697332442956819
XGBoost (suderintas),0.99369043,0.0036666666666666666,0.8704323126707195,0.6390876872696111,0.7649021272853684
XGBoost (suderintas),0.99601893,0.0021333333333333334,0.8650237466715965,0.6297752816119062,0.7607140599794994
XGBoost (suderintas),0.99748811,0.0015333333333333334,0.8605610348217638,0.6211225135602084,0.7571910269833549
XGBoost (suderintas),0.99841511,0.001,0.8566142434169984,0.6127245494999496,0.7538850919643519
XGBoost (suderintas),0.999,0.0006,0.8531002519411507,0.6052629090738054,0.7507715222415503
XGBoost (suderintas),0.99936904,0.0003333333333333333,0.8497696988457714,0.5978745901244901,0.7477761197721295
XGBoost (suderintas),0.99960189,0.0002,0.8458630345867334,0.5883055181599878,0.7441706445061845
XGBoost (suderintas),0.99974881,0.0002,0.8417471359249737,0.5789552899295842,0.7404085289276184
XGBoost (suderintas),0.99984151,0.00013333333333333334,0.836794299652327,0.570008595206187,0.7358604637102869
XGBoost (suderintas),0.9999,0.00013333333333333334,0.8308784118822211,0.558081939173694,0.7303725566172288
XGBoost (suderintas),0.9999369,6.666666666666667e-05,0.8241341851753127,0.5468810101869581,0.7241454171716256
XGBoost (suderintas),0.99996019,6.666666666666667e-05,0.8172265836607995,0.5354703178834538,0.7179787353905428
XGBoost (suderintas),0.99997488,6.666666666666667e-05,0.8088199466308962,0.5224345968462961,0.7106743502862121
XGBoost (suderintas),0.99998415,0.0,0.7980687378006311,0.5077269420750972,0.7018915004767912
XGBoost (suderintas),0.99999,0.0,0.7843968460063458,0.4921785942916147,0.6911795015540367
XGBoost (suderintas),0.99999369,0.0,0.763728499732008,0.47455950991298734,0.6761667642233526
XGBoost (suderintas),0.99999602,0.0,0.737577065616482,0.45556525188254754,0.6577134361663245
XGBoost (suderintas),0.99999749,0.0,0.7068769329102785,0.43554837181788053,0.6363828728932565
XGBoost (suderintas),0.99999842,0.0,0.6571364695563944,0.41131914655415847,0.6034087130486877
XGBoost (suderintas),0.999999,0.0,0.5963381113298996,0.38367545855094953,0.5640342849919344
MLP (bazinis),0.5,0.47073333333333334,0.9833357696243239,0.605074836887757,0.7392873140583307
MLP (bazinis),0.55,0.4388,0.980615722388941,0.6060963317327249,0.7394521985979318
MLP (bazinis),0.6,0.40026666666666666,0.9772651057206979,0.6072171921074067,0.7397132657856336
MLP (bazinis),0.65,0.35333333333333333,0.9721288310675827,0.6079784536374606,0.7399853252759755
MLP (bazinis),0.7,0.29713333333333336,0.9645533991991768,0.607585334296607,0.7395373889433924
MLP (bazinis),0.75,0.24053333333333332,0.9541088764112574,0.6041304932749414,0.7372290053889764
MLP (bazinis),0.8,0.1786,0.9387975040915357,0.5978657983102009,0.7323978883786628
MLP (bazinis),0.85,0.1128,0.9147871398230393,0.5866429457078537,0.7227054255257755
MLP (bazinis),0.9,0.053533333333333336,0.8819917968649235,0.5699269031634933,0.7081213879980544
MLP (bazinis),0.93690427,0.020733333333333333,0.8560008713323072,0.5568936691728018,0.6969999258019571
MLP (bazinis),0.96018928,0.0086,0.8388121218374793,0.5455497125457556,0.6888766141509408
MLP (bazinis),0.97488114,0.004,0.8279376653453371,0.5353385547341627,0.6829902360871799
MLP (bazinis),0.98415107,0.0024,0.820680384418056,0.5281122080211551,0.67867575730095
MLP (bazinis),0.99,0.0016666666666666668,0.8153234104634399,0.5208170123351217,0.6751005108672652
MLP (bazinis),0.99369043,0.0011333333333333334,0.8107087887047817,0.5146562018332533,0.6718522854371226
MLP (bazinis),0.99601893,0.0005333333333333334,0.8064467125835862,0.5062011902580774,0.6684776485266193
MLP (bazinis),0.99748811,0.0005333333333333334,0.8024053357638918,0.49710652953262796,0.6651085077674359
MLP (bazinis),0.99841511,0.0002666666666666667,0.798372557618282,0.48160800484874733,0.6617421150839125
MLP (bazinis),0.999,0.00013333333333333334,0.7947066562336088,0.47182444818598956,0.6585735838479105
MLP (bazinis),0.99936904,0.00013333333333333334,0.7911066780169165,0.45954787297235533,0.6554902429573691
MLP (bazinis),0.99960189,0.00013333333333333334,0.7878649778870764,0.4524084418475035,0.6526569769518894
MLP (bazinis),0.99974881,6.666666666666667e-05,0.7844742340731059,0.44383751677010685,0.6496093610449283
MLP (bazinis),0.99984151,6.666666666666667e-05,0.7824392145397846,0.4388850672198769,0.6478093714876157
MLP (bazinis),0.9999,6.666666666666667e-05,0.7804271248040219,0.4341049432670754,0.6460011377033232
MLP (bazinis),0.9999369,6.666666666666667e-05,0.7787675807057218,0.4303210400828753,0.6445419095278532
MLP (bazinis),0.99996019,6.666666666666667e-05,0.7776669504229115,0.427751306383015,0.6436432887870269
MLP (bazinis),0.99997488,6.666666666666667e-05,0.776741159846485,0.42619693144094517,0.6429370333424019
MLP (bazinis),0.99998415,6.666666666666667e-05,0.7757752421243311,0.4249315986783484,0.6421758163845767
MLP (bazinis),0.99999,6.666666666666667e-05,0.7747519999082808,0.42358063372489263,0.6413211648543108
MLP (bazinis),0.99999369,6.666666666666667e-05,0.7737029616699772,0.42214114809317815,0.640496742156305
MLP (bazinis),0.99999602,6.666666666666667e-05,0.7725908664883875,0.42071908159789917,0.6395761368101986
MLP (bazinis),0.99999749,6.666666666666667e-05,0.7712236773089589,0.41971595863307765,0.6384191969573306
MLP (bazinis),0.99999842,6.666666666666667e-05,0.769673049749062,0.4185783447808663,0.6370726398839213
MLP (bazinis),0.999999,0.0,0.767901722887664,0.41663194649552293,0.6355282213629906
MLP (suderintas),0.5,0.4815333333333333,0.9845080555245048,0.6283508228432132,0.7799588338266129
MLP (suderintas),0.55,0.4372,0.9813093487650871,0.630534563302794,0.7804479912940963
MLP (suderintas),0.6,0.3893333333333333,0.9773568249109321,0.6324208137824823,0.7809151641562996
MLP (suderintas),0.65,0.33813333333333334,0.972077239023076,0.6336545306237704,0.7812064601762616
MLP (suderintas),0.7,0.28226666666666667,0.9651667712838681,0.6336808471337175,0.780829973810839
MLP (suderintas),0.75,0.2286,0.9558200125540641,0.6324828926584241,0.7792663187602881
MLP (suderintas),0.8,0.1756,0.9437618052629618,0.6290922399701783,0.7758944299254447
MLP (suderintas),0.85,0.12153333333333333,0.9281466131255893,0.6234985353340979,0.7705631631450077
MLP (suderintas),0.9,0.0682,0.9059734988864717,0.6155656903753324,0.7618984805889676
MLP (suderintas),0.93690427,0.0348,0.8851188480069706,0.6081884242722616,0.7532063172763273
MLP (suderintas),0.96018928,0.018133333333333335,0.8688386917404003,0.6020385444832211,0.745967885987837
MLP (suderintas),0.97488114,0.010266666666666667,0.8583741053796171,0.5967080636944585,0.7408976863951018
MLP (suderintas),0.98415107,0.006733333333333333,0.8503228802118713,0.5905676943391325,0.7365749633818919
MLP (suderintas),0.99,0.003933333333333333,0.8444528520368826,0.5853132668677081,0.732999716948207
MLP (suderintas),0.99369043,0.002533333333333333,0.839307978709683,0.5805099730455608,0.7295783627514832
MLP (suderintas),0.99601893,0.0014666666666666667,0.8351089595317736,0.5759917553263894,0.7264428084234015
MLP (suderintas),0.99748811,0.0008,0.8312452886431579,0.5706604260998549,0.7234666424836008
MLP (suderintas),0.99841511,0.0005333333333333334,0.8279691938169801,0.5647546631614752,0.7208065052447024
MLP (suderintas),0.999,0.00046666666666666666,0.8248507413490174,0.557746925340024,0.7181023987952436
MLP (suderintas),0.99936904,0.0003333333333333333,0.8221421590124136,0.5524071400499381,0.7157555421815873
MLP (suderintas),0.99960189,0.0002666666666666667,0.8195654230117716,0.5474891226279017,0.7134828836107515
MLP (suderintas),0.99974881,0.0002,0.81674505791207,0.5415443225023031,0.710951905927874
MLP (suderintas),0.99984151,0.00013333333333333334,0.8134947591081455,0.5342580623060678,0.7079949765176935
MLP (suderintas),0.9999,0.00013333333333333334,0.8104135675612154,0.5275310933870414,0.7052139239497542
MLP (suderintas),0.9999369,0.00013333333333333334,0.8073123124414215,0.5214628719311383,0.7024850848193552
MLP (suderintas),0.99996019,0.00013333333333333334,0.8029613833546867,0.5160467250507016,0.6989812883528309
MLP (suderintas),0.99997488,0.00013333333333333334,0.7952684362737933,0.507692492561214,0.6931663602562306
MLP (suderintas),0.99998415,6.666666666666667e-05,0.7880168877959018,0.49727698906054507,0.6881071529661354
MLP (suderintas),0.99999,6.666666666666667e-05,0.7807567406439261,0.49174793869350386,0.6834134397388228
MLP (suderintas),0.99999369,6.666666666666667e-05,0.7726911843527061,0.4868628209901168,0.6781453786985663
MLP (suderintas),0.99999602,6.666666666666667e-05,0.7625476151577427,0.48191781973052483,0.6716351874599812
MLP (suderintas),0.99999749,6.666666666666667e-05,0.7515470447790285,0.47645445551270305,0.6641796581943494
MLP (suderintas),0.99999842,6.666666666666667e-05,0.7352296275914254,0.47029227586783434,0.6531021652088125
MLP (suderintas),0.999999,0.0,0.7184822766995996,0.46378614839642684,0.6408100227815472
Random Forest (suderintas),0.5,0.3615333333333333,0.9837972318001897,0.7194352179570371,0.8363246136892641
Random Forest (suderintas),0.55,0.3166,0.9807045753544803,0.721097667461942,0.8359563715508216
Random Forest (suderintas),0.6,0.27253333333333335,0.976709058129903,0.7220883982093037,0.8348873701190741
Random Forest (suderintas),0.65,0.2268,0.9716415728694635,0.7219019889113218,0.8331533343776021
Random Forest (suderintas),0.7,0.18933333333333333,0.965783009593254,0.7196808343002049,0.8303915183392829
Random Forest (suderintas),0.75,0.14906666666666665,0.958241972421186,0.7160796734341942,0.8264287932375354
Random Forest (suderintas),0.8,0.1098,0.9476226099268826,0.7085624262485646,0.8199186019989503
Random Forest (suderintas),0.85,0.07133333333333333,0.9331281116451843,0.6981207497650836,0.8102728564322833
Random Forest (suderintas),0.9,0.038933333333333334,0.9132938367570387,0.6797269903731578,0.7960708014213047
Random Forest (suderintas),0.93690427,0.018733333333333334,0.8947178345099186,0.6609249495406773,0.7824898115094905
Random Forest (suderintas),0.96018928,0.0094,0.880180342857798,0.6422951009659628,0.7716376607280752
Random Forest (suderintas),0.97488114,0.004866666666666667,0.8703835868509076,0.6277902416873075,0.7641986199164036
Random Forest (suderintas),0.98415107,0.0024666666666666665,0.863435858190667,0.6154278780871772,0.7586859801424053
Random Forest (suderintas),0.99,0.0015333333333333334,0.8559206170408523,0.5988750236983178,0.7522472388709806
Random Forest (suderintas),0.99369043,0.0012,0.8535502492182372,0.5956821875198568,0.7502383955635067
Random Forest (suderintas),0.99601893,0.0008,0.8444958454073048,0.5777898316432277,0.7420491300966499
Random Forest (suderintas),0.99748811,0.0006666666666666666,0.8435815197296577,0.5765080964745071,0.7412714246848644
Random Forest (suderintas),0.99841511,0.0005333333333333334,0.8428534986571737,0.5756125312921585,0.74064211535872
Random Forest (suderintas),0.999,0.0004,0.8421398087081639,0.5746338838851303,0.7400347906378558
Random Forest (suderintas),0.99936904,0.0004,0.8413974565122058,0.5734077958162407,0.7393725044037912
Random Forest (suderintas),0.99960189,0.0004,0.8407009639113648,0.5722360544658007,0.7387459431533069
Random Forest (suderintas),0.99974881,0.0002666666666666667,0.8398238991547503,0.5709785068206467,0.7379517492875614
Random Forest (suderintas),0.99984151,0.0002666666666666667,0.8390643496106234,0.5693874737479591,0.7372537380699166
Random Forest (suderintas),0.9999,0.0002,0.8384022517061203,0.5684413429719293,0.7366436652733923
Random Forest (suderintas),0.9999369,0.0002,0.8379551206537286,0.5673944360893419,0.7362342020000495
Random Forest (suderintas),0.99996019,0.00013333333333333334,0.8373790094900699,0.5663969484905665,0.7357148157003058
Random Forest (suderintas),0.99997488,0.00013333333333333334,0.8369978016056591,0.5654045828435393,0.7353768023941235
Random Forest (suderintas),0.99998415,0.00013333333333333334,0.8367484400572098,0.5645622610509291,0.7351432159630219
Random Forest (suderintas),0.99999,0.00013333333333333334,0.8366079950471638,0.5644085221109505,0.735014056407001
Random Forest (suderintas),0.99999369,0.00013333333333333334,0.8361809275676357,0.5635012554368564,0.7346100892849782
Random Forest (suderintas),0.99999602,6.666666666666667e-05,0.8361092719502653,0.5634148609890884,0.7345441354691378
Random Forest (suderintas),0.99999749,6.666666666666667e-05,0.8358914388734591,0.5631385528964254,0.7343352817189763
Random Forest (suderintas),0.99999842,6.666666666666667e-05,0.8358914388734591,0.5631385528964254,0.7343352817189763
Random Forest (suderintas),0.999999,6.666666666666667e-05,0.8358914388734591,0.5631385528964254,0.7343352817189763
Random Forest,0.5,0.3615333333333333,0.9837972318001896,0.7194352179570371,0.8363246136892641
Random Forest,0.55,0.3166,0.9807045753544804,0.721097667461942,0.8359563715508216
Random Forest,0.6,0.2725333333333333,0.976709058129903,0.7220883982093037,0.8348873701190741
Random Forest,0.65,0.2268,0.9716415728694636,0.7219019889113218,0.8331533343776021
Random Forest,0.7,0.1893333333333333,0.965783009593254,0.7196808343002049,0.8303915183392829
Random Forest,0.75,0.1490666666666666,0.958241972421186,0.7160796734341942,0.8264287932375354
Random Forest,0.8,0.1098,0.9476226099268826,0.7085624262485646,0.8199186019989503
Random Forest,0.85,0.0713333333333333,0.9331281116451844,0.6981207497650836,0.8102728564322833
Random Forest,0.9,0.0389333333333333,0.9132938367570388,0.6797269903731578,0.7960708014213047
Random Forest,0.93690427,0.0187333333333333,0.8947178345099186,0.6609249495406773,0.7824898115094905
Random Forest,0.96018928,0.0094,0.880180342857798,0.6422951009659628,0.7716376607280752
Random Forest,0.97488114,0.0048666666666666,0.8703835868509076,0.6277902416873075,0.7641986199164036
Random Forest,0.98415107,0.0024666666666666,0.863435858190667,0.6154278780871772,0.7586859801424053
Random Forest,0.99,0.0015333333333333,0.8559206170408523,0.5988750236983178,0.7522472388709806
Random Forest,0.99369043,0.0012,0.8535502492182372,0.5956821875198568,0.7502383955635067
Random Forest,0.99601893,0.0008,0.8444958454073048,0.5777898316432277,0.7420491300966499
Random Forest,0.99748811,0.0006666666666666,0.8435815197296577,0.5765080964745071,0.7412714246848644
Random Forest,0.99841511,0.0005333333333333,0.8428534986571737,0.5756125312921585,0.74064211535872
Random Forest,0.999,0.0004,0.8421398087081639,0.5746338838851303,0.7400347906378558
Random Forest,0.99936904,0.0004,0.8413974565122058,0.5734077958162407,0.7393725044037912
Random Forest,0.99960189,0.0004,0.8407009639113648,0.5722360544658007,0.7387459431533069
Random Forest,0.99974881,0.0002666666666666,0.8398238991547503,0.5709785068206467,0.7379517492875614
Random Forest,0.99984151,0.0002666666666666,0.8390643496106234,0.5693874737479591,0.7372537380699166
Random Forest,0.9999,0.0002,0.8384022517061203,0.5684413429719293,0.7366436652733923
Random Forest,0.9999369,0.0002,0.8379551206537286,0.5673944360893419,0.7362342020000495
Random Forest,0.99996019,0.0001333333333333,0.8373790094900699,0.5663969484905665,0.7357148157003058
Random Forest,0.99997488,0.0001333333333333,0.8369978016056591,0.5654045828435393,0.7353768023941235
Random Forest,0.99998415,0.0001333333333333,0.8367484400572098,0.5645622610509291,0.7351432159630219
Random Forest,0.99999,0.0001333333333333,0.8366079950471638,0.5644085221109505,0.735014056407001
Random Forest,0.99999369,0.0001333333333333,0.8361809275676357,0.5635012554368564,0.7346100892849782
Random Forest,0.99999602,6.666666666666667e-05,0.8361092719502653,0.5634148609890884,0.7345441354691378
Random Forest,0.99999749,6.666666666666667e-05,0.8358914388734591,0.5631385528964254,0.7343352817189763
Random Forest,0.99999842,6.666666666666667e-05,0.8358914388734591,0.5631385528964254,0.7343352817189763
Random Forest,0.999999,6.666666666666667e-05,0.8358914388734591,0.5631385528964254,0.7343352817189763
XGBoost,0.5,0.2757333333333333,0.97889025512266,0.7170069203256955,0.8321557829130152
XGBoost,0.55,0.2455333333333333,0.9758663880696264,0.717155924318108,0.8312846429287891
XGBoost,0.6,0.2196666666666666,0.9724154535370646,0.7164932329500271,0.8298968647204795
XGBoost,0.65,0.1912666666666666,0.9684629296829096,0.715550496077974,0.8282672558540882
XGBoost,0.7,0.1644,0.9638053145538292,0.7141026473739331,0.8260660472504129
XGBoost,0.75,0.1357333333333333,0.9578865605590284,0.7119070886174311,0.8230733928566522
XGBoost,0.8,0.1084666666666666,0.9507238650466764,0.7082627526864991,0.8189979966528439
XGBoost,0.85,0.0822,0.9415519460232564,0.7026695627730124,0.8133864261550849
XGBoost,0.9,0.0559333333333333,0.9292386447343152,0.6955738612616399,0.8056066239615709
XGBoost,0.93690427,0.0358,0.9162403157433124,0.6871122759026522,0.7971810239879524
XGBoost,0.96018928,0.0242,0.9040445296668588,0.6765875124220273,0.7887856528465942
XGBoost,0.97488114,0.015,0.8934108360490812,0.6668519988492357,0.7816873734167649
XGBoost,0.98415107,0.0094,0.884402291833266,0.6577522441367206,0.7753173340368407
XGBoost,0.99,0.0059333333333333,0.8767437394487103,0.6490875456176057,0.7697332442956819
XGBoost,0.99369043,0.0036666666666666,0.8704323126707195,0.6390876872696111,0.7649021272853684
XGBoost,0.99601893,0.0021333333333333,0.8650237466715965,0.6297752816119062,0.7607140599794994
XGBoost,0.99748811,0.0015333333333333,0.8605610348217638,0.6211225135602084,0.7571910269833549
XGBoost,0.99841511,0.001,0.8566142434169984,0.6127245494999496,0.7538850919643519
XGBoost,0.999,0.0006,0.8531002519411507,0.6052629090738054,0.7507715222415503
XGBoost,0.99936904,0.0003333333333333,0.8497696988457714,0.5978745901244901,0.7477761197721295
XGBoost,0.99960189,0.0002,0.8458630345867334,0.5883055181599878,0.7441706445061845
XGBoost,0.99974881,0.0002,0.8417471359249737,0.5789552899295842,0.7404085289276184
XGBoost,0.99984151,0.0001333333333333,0.836794299652327,0.570008595206187,0.7358604637102869
XGBoost,0.9999,0.0001333333333333,0.8308784118822211,0.558081939173694,0.7303725566172288
XGBoost,0.9999369,6.666666666666667e-05,0.8241341851753127,0.5468810101869581,0.7241454171716256
XGBoost,0.99996019,6.666666666666667e-05,0.8172265836607995,0.5354703178834538,0.7179787353905428
XGBoost,0.99997488,6.666666666666667e-05,0.8088199466308962,0.5224345968462961,0.7106743502862121
XGBoost,0.99998415,0.0,0.7980687378006311,0.5077269420750972,0.7018915004767912
XGBoost,0.99999,0.0,0.7843968460063458,0.4921785942916147,0.6911795015540367
XGBoost,0.99999369,0.0,0.763728499732008,0.4745595099129873,0.6761667642233526
XGBoost,0.99999602,0.0,0.737577065616482,0.4555652518825475,0.6577134361663245
XGBoost,0.99999749,0.0,0.7068769329102785,0.4355483718178805,0.6363828728932565
XGBoost,0.99999842,0.0,0.6571364695563944,0.4113191465541584,0.6034087130486877
XGBoost,0.999999,0.0,0.5963381113298996,0.3836754585509495,0.5640342849919344
MLP,0.5,0.4815333333333333,0.9845080555245048,0.6283508228432132,0.7799588338266129
MLP,0.55,0.4372,0.9813093487650872,0.630534563302794,0.7804479912940963
MLP,0.6,0.3893333333333333,0.977356824910932,0.6324208137824823,0.7809151641562996
MLP,0.65,0.3381333333333333,0.972077239023076,0.6336545306237704,0.7812064601762616
MLP,0.7,0.2822666666666666,0.965166771283868,0.6336808471337175,0.780829973810839
MLP,0.75,0.2286,0.955820012554064,0.6324828926584241,0.7792663187602881
MLP,0.8,0.1756,0.9437618052629618,0.6290922399701783,0.7758944299254447
MLP,0.85,0.1215333333333333,0.9281466131255892,0.6234985353340979,0.7705631631450077
MLP,0.9,0.0682,0.9059734988864716,0.6155656903753324,0.7618984805889676
MLP,0.93690427,0.0348,0.8851188480069706,0.6081884242722616,0.7532063172763273
MLP,0.96018928,0.0181333333333333,0.8688386917404003,0.6020385444832211,0.745967885987837
MLP,0.97488114,0.0102666666666666,0.8583741053796171,0.5967080636944585,0.7408976863951018
MLP,0.98415107,0.0067333333333333,0.8503228802118713,0.5905676943391325,0.7365749633818919
MLP,0.99,0.0039333333333333,0.8444528520368826,0.5853132668677081,0.732999716948207
MLP,0.99369043,0.0025333333333333,0.839307978709683,0.5805099730455608,0.7295783627514832
MLP,0.99601893,0.0014666666666666,0.8351089595317736,0.5759917553263894,0.7264428084234015
MLP,0.99748811,0.0008,0.8312452886431579,0.5706604260998549,0.7234666424836008
MLP,0.99841511,0.0005333333333333,0.8279691938169801,0.5647546631614752,0.7208065052447024
MLP,0.999,0.0004666666666666,0.8248507413490174,0.557746925340024,0.7181023987952436
MLP,0.99936904,0.0003333333333333,0.8221421590124136,0.5524071400499381,0.7157555421815873
MLP,0.99960189,0.0002666666666666,0.8195654230117716,0.5474891226279017,0.7134828836107515
MLP,0.99974881,0.0002,0.81674505791207,0.5415443225023031,0.710951905927874
MLP,0.99984151,0.0001333333333333,0.8134947591081455,0.5342580623060678,0.7079949765176935
MLP,0.9999,0.0001333333333333,0.8104135675612154,0.5275310933870414,0.7052139239497542
MLP,0.9999369,0.0001333333333333,0.8073123124414215,0.5214628719311383,0.7024850848193552
MLP,0.99996019,0.0001333333333333,0.8029613833546867,0.5160467250507016,0.6989812883528309
MLP,0.99997488,0.0001333333333333,0.7952684362737933,0.507692492561214,0.6931663602562306
MLP,0.99998415,6.666666666666667e-05,0.7880168877959018,0.497276989060545,0.6881071529661354
MLP,0.99999,6.666666666666667e-05,0.7807567406439261,0.4917479386935038,0.6834134397388228
MLP,0.99999369,6.666666666666667e-05,0.7726911843527061,0.4868628209901168,0.6781453786985663
MLP,0.99999602,6.666666666666667e-05,0.7625476151577427,0.4819178197305248,0.6716351874599812
MLP,0.99999749,6.666666666666667e-05,0.7515470447790285,0.476454455512703,0.6641796581943494
MLP,0.99999842,6.666666666666667e-05,0.7352296275914254,0.4702922758678343,0.6531021652088125
MLP,0.999999,0.0,0.7184822766995996,0.4637861483964268,0.6408100227815472
